year,state,total_cases,total_deaths,district_count,population_2011,cases_per_100k,deaths_per_100k,selected_region
2000,Andaman And Nicobar Islands,1990,5,4,380581,522.8847472679929,1.3137807720301329,no
2000,Andhra Pradesh,80557,6,23,49577103,162.48831643107505,0.012102361043564807,no
2000,Arunachal Pradesh,46165,0,12,1383727,3336.279482874874,0.0,no
2000,Assam,84915,43,23,31205576,272.1148297342757,0.1377958862223854,no
2000,Bihar,9509,2,37,104099452,9.134534156817654,0.0019212397006662437,no
2000,Chandigarh,256,0,1,1055450,24.255057084655835,0.0,no
2000,Chhattisgarh,359155,63,16,25545198,1405.9589594881982,0.24662169383067611,no
2000,D & N Haveli,2415,0,1,343709,702.6292590534434,0.0,no
2000,Daman & Diu,132,0,2,243247,54.26582856109222,0.0,no
2000,Delhi,2631,0,1,16787941,15.671963583860583,0.0,no
2000,Goa,9164,11,1,1458545,628.2973785519131,0.7541762509898564,no
2000,Gujarat,36712,2,20,60439692,60.741540509504915,0.003309083706118158,no
2000,Haryana,1050,0,19,25351462,4.141772967570864,0.0,no
2000,Himachal Pradesh,491,0,10,6864602,7.152636088734642,0.0,no
2000,Jammu And Kashmir,3045,0,9,12267032,24.822630282532888,0.0,no
2000,Jharkhand,133453,16,18,32988134,404.54849613500414,0.04850228873206347,no
2000,Karnataka,109118,14,31,61095297,178.6029454934968,0.022915020774839676,no
2000,Kerala,2940,9,14,33406061,8.80079815456243,0.02694121884049724,no
2000,Lakshadweep,5,0,1,64473,7.7551843407317795,0.0,no
2000,Madhya Pradesh,194689,93,45,72626809,268.0676773228464,0.12805188783662516,no
2000,Maharashtra,81406,40,36,112374333,72.44180928753543,0.0355953169483996,no
2000,Manipur,1064,0,8,2855794,37.25758930791226,0.0,no
2000,Meghalaya,13699,11,3,2966889,461.7294411755883,0.37075873077826643,no
2000,Mizoram,9059,33,4,1097206,825.6425867157125,3.007639404086379,yes
2000,Nagaland,3443,0,9,1978502,174.02054685817856,0.0,no
2000,Odisha,509497,467,30,41974218,1213.8332154276227,1.1125877318310016,yes
2000,Puducherry,137,0,4,1247953,10.977977536012975,0.0,no
2000,Punjab,493,1,17,27743338,1.7770031854133777,0.0036044689359297716,no
2000,Rajasthan,35973,10,32,68548437,52.4782206193848,0.014588224673890085,no
2000,Sikkim,16,0,4,610577,2.6204721108066633,0.0,no
2000,Tamil Nadu,43053,1,43,72147030,59.673974105378974,0.001386058442045362,no
2000,Tripura,12245,6,4,3673917,333.2954990545513,0.1633134335914502,yes
2000,Uttar Pradesh,96643,0,69,199812341,48.36688240392519,0.0,no
2000,Uttarakhand,2570,0,15,10086292,25.48012688904902,0.0,no
2000,West Bengal,144591,100,31,91276115,158.41055461223343,0.10955768658646352,no
2001,Andaman And Nicobar Islands,434,0,1,380581,114.03617101221555,0.0,no
2001,Andhra Pradesh,57735,1,23,49577103,116.45496914170236,0.002017060173927468,no
2001,Arunachal Pradesh,56030,14,12,1383727,4049.209128679284,1.0117602677406743,no
2001,Assam,95142,122,23,31205576,304.88781876674864,0.39095577021234923,no
2001,Bihar,4108,0,37,104099452,3.9462263451684643,0.0,no
2001,Chandigarh,298,0,1,1055450,28.234402387607183,0.0,no
2001,Chhattisgarh,290666,32,16,25545198,1137.8498612537667,0.12526816194574025,no
2001,D & N Haveli,848,0,1,343709,246.7203360982692,0.0,no
2001,Daman & Diu,87,0,2,243247,35.766114278901696,0.0,no
2001,Delhi,1484,0,1,16787941,8.839678433466021,0.0,no
2001,Goa,12331,12,1,1458545,845.431577359629,0.8227377283525706,no
2001,Gujarat,81347,19,26,60439692,134.5920161207969,0.0314362952081225,no
2001,Haryana,1202,0,19,25351462,4.74134391144779,0.0,no
2001,Himachal Pradesh,349,0,10,6864602,5.084052942909145,0.0,no
2001,Jammu And Kashmir,912,0,9,12267032,7.4345611880689635,0.0,no
2001,Jharkhand,130784,21,18,32988134,396.45770809588686,0.06365925396083331,no
2001,Karnataka,197625,21,31,61095297,323.47007004483504,0.03437253116225951,no
2001,Kerala,2289,9,14,33406061,6.852049991766464,0.02694121884049724,no
2001,Lakshadweep,0,0,1,64473,0.0,0.0,no
2001,Madhya Pradesh,183118,81,45,72626809,252.13554405233472,0.11152906359964129,no
2001,Maharashtra,56043,50,36,112374333,49.871708693478965,0.044494146185499496,no
2001,Manipur,943,5,10,2855794,33.02058902007638,0.1750826565221441,no
2001,Meghalaya,20630,17,3,2966889,695.3411469050577,0.5729907657482299,no
2001,Mizoram,10929,43,5,1097206,996.0754862806074,3.919045284112555,yes
2001,Nagaland,4318,1,9,1978502,218.24592545269098,0.0505432898222999,no
2001,Odisha,454541,305,30,41974218,1082.9052252980628,0.7266365272129668,yes
2001,Puducherry,106,0,4,1247953,8.4939096264042,0.0,no
2001,Punjab,604,0,17,27743338,2.177099237301582,0.0,no
2001,Rajasthan,129233,36,32,68548437,188.52800392808373,0.05251760882600431,no
2001,Sikkim,31,0,4,610577,5.07716471468791,0.0,no
2001,Tamil Nadu,31551,0,43,72147030,43.73152990497322,0.0,no
2001,Tripura,18502,9,4,3673917,503.60419138483536,0.24497015038717532,yes
2001,Uttar Pradesh,94270,15,69,199812341,47.179268071334995,0.007507043821682665,no
2001,Uttarakhand,1620,4,15,10086292,16.061402941735178,0.039657785041321426,no
2001,West Bengal,144883,187,33,91276115,158.73046305706592,0.20487287391668674,no
2002,Andaman And Nicobar Islands,1557,4,4,380581,409.11133241018337,1.0510246176241063,no
2002,Andhra Pradesh,38053,0,23,49577103,76.75519079846194,0.0,no
2002,Arunachal Pradesh,46431,0,12,1383727,3355.502927961946,0.0,no
2002,Assam,89601,72,23,31205576,287.1313767770221,0.2307279955351569,no
2002,Bihar,3683,2,37,104099452,3.537962908776888,0.0019212397006662437,no
2002,Chandigarh,157,0,1,1055450,14.875171727699087,0.0,no
2002,Chhattisgarh,235434,3,16,25545198,921.637013735419,0.011743890182413149,no
2002,D & N Haveli,493,0,1,343709,143.43528973637584,0.0,no
2002,Daman & Diu,173,0,2,243247,71.12112379597693,0.0,no
2002,Delhi,694,0,1,16787941,4.13391969866942,0.0,no
2002,Goa,16818,15,1,1458545,1153.0669262861277,1.028422160440713,no
2002,Gujarat,82966,17,26,60439692,137.27071938089958,0.028127211502004347,no
2002,Haryana,936,0,19,25351462,3.692094759663171,0.0,no
2002,Himachal Pradesh,176,0,10,6864602,2.563877701868222,0.0,no
2002,Jammu And Kashmir,455,0,10,12267032,3.7091286629072138,0.0,no
2002,Jharkhand,126589,31,22,32988134,383.74101426894896,0.09397318441837298,no
2002,Karnataka,132584,33,31,61095297,217.01179388652452,0.054013977540693515,no
2002,Kerala,3360,8,14,33406061,10.058055033785635,0.02394775008044199,no
2002,Lakshadweep,8,0,1,64473,12.408294945170846,0.0,no
2002,Madhya Pradesh,108818,30,45,72626809,149.83172398500946,0.041307060592459734,no
2002,Maharashtra,45568,43,36,112374333,40.550185067616816,0.038264965719529566,no
2002,Manipur,1268,9,10,2855794,44.40096169401575,0.3151487817398594,no
2002,Meghalaya,17918,41,3,2966889,603.9322670986343,1.3819189056280838,no
2002,Mizoram,7859,35,9,1097206,716.2738811125713,3.1899205800916146,yes
2002,Nagaland,3945,0,9,1978502,199.39327834897313,0.0,no
2002,Odisha,473223,465,30,41974218,1127.4134994009896,1.1078229021443593,yes
2002,Puducherry,103,0,4,1247953,8.253515957732382,0.0,no
2002,Punjab,250,0,17,27743338,0.9011172339824429,0.0,no
2002,Rajasthan,68627,11,32,68548437,100.11460946950548,0.016047047141279094,no
2002,Sikkim,53,0,4,610577,8.680313867047072,0.0,no
2002,Tamil Nadu,34523,0,43,72147030,47.85089559473204,0.0,no
2002,Tripura,13319,5,4,3673917,362.5286036674209,0.13609452799287516,yes
2002,Uttar Pradesh,89950,0,69,199812341,45.01723945069038,0.0,no
2002,Uttarakhand,2020,0,15,10086292,20.02718144586732,0.0,no
2002,West Bengal,193943,149,32,91276115,212.4794640963849,0.16324095301383063,no
2003,Andaman And Nicobar Islands,427,0,1,380581,112.19687793137334,0.0,no
2003,Andhra Pradesh,35995,3,23,49577103,72.60408096051921,0.0060511805217824035,no
2003,Arunachal Pradesh,34810,0,12,1383727,2515.6696371466337,0.0,no
2003,Assam,76570,53,23,31205576,245.37281414065228,0.16984144115782385,no
2003,Bihar,2652,1,37,104099452,2.5475638430834393,0.0009606198503331219,no
2003,Chandigarh,84,0,1,1055450,7.958690605902695,0.0,no
2003,Chhattisgarh,194419,4,16,25545198,761.0784617915274,0.01565852024321753,no
2003,D & N Haveli,468,0,1,343709,136.161694922158,0.0,no
2003,Daman & Diu,141,0,2,243247,57.965771417530334,0.0,no
2003,Delhi,839,0,1,16787941,4.997634909486518,0.0,no
2003,Goa,11370,1,2,1458545,779.5439976140606,0.06856147736271422,no
2003,Gujarat,130744,65,26,60439692,216.32142003635622,0.10754522044884014,no
2003,Haryana,4374,0,19,25351462,17.2534428191952,0.0,no
2003,Himachal Pradesh,133,0,10,6864602,1.9374757633435993,0.0,no
2003,Jammu And Kashmir,320,0,10,12267032,2.6086179607259523,0.0,no
2003,Jharkhand,118902,13,22,32988134,360.4386959262382,0.03940810959480157,no
2003,Karnataka,100220,22,31,61095297,164.038813003888,0.036009318360462346,no
2003,Kerala,2575,7,14,33406061,7.708182057142265,0.02095428132038674,no
2003,Lakshadweep,6,0,1,64473,9.306221208878135,0.0,no
2003,Madhya Pradesh,99708,22,45,72626809,137.28814658509918,0.03029184443447047,no
2003,Maharashtra,62947,85,36,112374333,56.01546039877273,0.07564004851534914,no
2003,Manipur,2589,17,10,2855794,90.6577995471662,0.5952810321752899,no
2003,Meghalaya,18366,38,3,2966889,619.0322590430583,1.2808028881431022,no
2003,Mizoram,7293,48,9,1097206,664.6883083030898,4.374748224125643,yes
2003,Nagaland,3370,0,9,1978502,170.33088670115066,0.0,no
2003,Odisha,421323,333,30,41974218,1003.766169032619,0.7933441428259603,yes
2003,Puducherry,63,0,4,1247953,5.048267042108156,0.0,no
2003,Punjab,379,1,17,27743338,1.3660937267173836,0.0036044689359297716,no
2003,Rajasthan,142738,66,32,68548437,208.22940135017228,0.09628228284767457,no
2003,Sikkim,278,0,4,610577,45.53070292526577,0.0,no
2003,Tamil Nadu,43604,0,43,72147030,60.437692306945976,0.0,no
2003,Tripura,13807,13,4,3673917,375.8114295995255,0.3538457727814755,yes
2003,Uttar Pradesh,101188,0,69,199812341,50.64151668189504,0.0,no
2003,Uttarakhand,2650,0,15,10086292,26.273282589875446,0.0,no
2003,West Bengal,233725,214,34,91276115,256.0637029742118,0.23445344929503187,no
2004,Andaman And Nicobar Islands,1800,4,4,380581,472.96107793084786,1.0510246176241063,no
2004,Andhra Pradesh,35427,2,23,49577103,71.45839078172841,0.004034120347854936,no
2004,Arunachal Pradesh,29849,0,12,1383727,2157.14515941367,0.0,no
2004,Assam,58134,54,23,31205576,186.29362906167796,0.1730459966513677,no
2004,Bihar,1872,0,38,104099452,1.7982803598236041,0.0,no
2004,Chandigarh,199,0,1,1055450,18.854517030650435,0.0,no
2004,Chhattisgarh,194256,4,16,25545198,760.4403770916161,0.01565852024321753,no
2004,D & N Haveli,787,0,1,343709,228.97276475157764,0.0,no
2004,Daman & Diu,118,0,2,243247,48.51036189552184,0.0,no
2004,Delhi,1316,0,1,16787941,7.838960120243453,0.0,no
2004,Goa,7839,7,2,1458545,537.4534210463167,0.47993034153899944,no
2004,Gujarat,222759,89,26,60439692,368.5640886455874,0.14725422492225804,no
2004,Haryana,10064,0,19,25351462,39.69790775774588,0.0,no
2004,Himachal Pradesh,126,0,10,6864602,1.8355033547465682,0.0,no
2004,Jammu And Kashmir,250,0,10,12267032,2.0379827818171505,0.0,no
2004,Jharkhand,143722,40,22,32988134,435.6778713218517,0.12125572183015867,no
2004,Karnataka,80961,27,31,61095297,132.51592835369965,0.044193254351476516,no
2004,Kerala,2790,12,14,33406061,8.351777840554144,0.035921625120662985,no
2004,Lakshadweep,2,0,1,64473,3.1020737362927115,0.0,no
2004,Madhya Pradesh,132094,36,45,72626809,181.8804953966792,0.04956847271095169,no
2004,Maharashtra,68988,61,36,112374333,61.39124314090478,0.05428285834630938,no
2004,Manipur,2736,8,10,2855794,95.80522964891726,0.28013225043543055,no
2004,Meghalaya,18080,29,5,2966889,609.3925320428233,0.9774548356881568,no
2004,Mizoram,7830,72,9,1097206,713.6308040604954,6.562122336188464,yes
2004,Nagaland,2486,1,12,1978502,125.65061849823755,0.0505432898222999,no
2004,Odisha,416732,283,30,41974218,992.8285024869314,0.6742234006599004,yes
2004,Puducherry,43,0,4,1247953,3.4456425842960434,0.0,no
2004,Punjab,1643,0,17,27743338,5.922142461732615,0.0,no
2004,Rajasthan,105022,20,32,68548437,153.20845317012845,0.02917644934778017,no
2004,Sikkim,160,3,4,610577,26.20472110806663,0.49133852077624934,no
2004,Tamil Nadu,41732,0,42,72147030,57.842990903437055,0.0,no
2004,Tripura,17453,16,4,3673917,475.0515594119301,0.43550248957720056,yes
2004,Uttar Pradesh,86860,0,69,199812341,43.470788423423755,0.0,no
2004,Uttarakhand,1824,2,15,10086292,18.083949978842572,0.019828892520660713,no
2004,West Bengal,220129,179,32,91276115,241.16823990591624,0.19610825898976966,no
2005,Andaman And Nicobar Islands,3234,0,1,380581,849.7534033490898,0.0,no
2005,Andhra Pradesh,39099,0,23,49577103,78.86503574039007,0.0,no
2005,Arunachal Pradesh,31215,0,12,1383727,2255.864054108939,0.0,no
2005,Assam,67885,113,23,31205576,217.541249679224,0.3621147707704546,no
2005,Bihar,2733,1,38,104099452,2.625374050960422,0.0009606198503331219,no
2005,Chandigarh,432,0,1,1055450,40.93040883035672,0.0,no
2005,Chhattisgarh,187950,3,16,25545198,735.7547199281837,0.011743890182413149,no
2005,D & N Haveli,1166,0,1,343709,339.24046213512014,0.0,no
2005,Daman & Diu,104,0,2,243247,42.75489522995145,0.0,no
2005,Delhi,1133,0,1,16787941,6.748891957626013,0.0,no
2005,Goa,3747,1,2,1458545,256.89985567809015,0.06856147736271422,no
2005,Gujarat,179023,54,26,60439692,296.2010461601955,0.08934526006519027,no
2005,Haryana,33262,0,19,25351462,131.20347852127819,0.0,no
2005,Himachal Pradesh,129,0,10,6864602,1.8792058155738673,0.0,no
2005,Jammu And Kashmir,268,0,10,12267032,2.1847175421079847,0.0,no
2005,Jharkhand,193144,21,22,32988134,585.4953784291042,0.06365925396083331,no
2005,Karnataka,83181,26,31,61095297,136.14959593370992,0.04255646715327368,no
2005,Kerala,2554,6,14,33406061,7.645319213181105,0.017960812560331493,no
2005,Lakshadweep,0,0,1,64473,0.0,0.0,no
2005,Madhya Pradesh,104317,44,45,72626809,143.63428799412074,0.06058368886894094,no
2005,Maharashtra,47608,104,36,112374333,42.3655462319852,0.09254782406583895,no
2005,Manipur,2071,3,11,2855794,72.51923633147209,0.10504959391328647,no
2005,Meghalaya,16816,41,5,2966889,566.7889833424844,1.3819189056280838,no
2005,Mizoram,10741,74,9,1097206,978.9410557361152,6.744403512193699,yes
2005,Nagaland,2987,0,12,1978502,150.9728066992098,0.0,no
2005,Odisha,396573,255,30,41974218,944.8014016604193,0.6075157850469066,yes
2005,Puducherry,44,0,4,1247953,3.5257738071866487,0.0,no
2005,Punjab,1883,0,17,27743338,6.78721500635576,0.0,no
2005,Rajasthan,52286,22,32,68548437,76.27599152990169,0.03209409428255819,no
2005,Sikkim,69,0,4,610577,11.300785977853735,0.0,no
2005,Tamil Nadu,39678,0,42,72147030,54.99602686347588,0.0,no
2005,Tripura,18008,20,4,3673917,490.15805201913923,0.5443781119715007,yes
2005,Uttar Pradesh,105079,0,69,199812341,52.588843849239524,0.0,no
2005,Uttarakhand,1917,0,15,10086292,19.005993481053295,0.0,no
2005,West Bengal,174515,154,19,91276115,191.19459674636678,0.1687188373431538,no
2006,Andaman And Nicobar Islands,18866,22,7,380581,4957.157609024097,5.780635396932585,no
2006,Andhra Pradesh,30654,0,21,49577103,61.830962571572606,0.0,no
2006,Arunachal Pradesh,46023,205,14,1383727,3326.017343016361,14.815061063345588,no
2006,Assam,120078,285,21,31205576,384.79661455375793,0.9132983156599962,no
2006,Bihar,4977,11,40,104099452,4.781004995107947,0.010566818353664341,no
2006,Chhattisgarh,190590,3,16,25545198,746.0893432887073,0.011743890182413149,no
2006,D & N Haveli,3786,0,1,343709,1101.51319866515,0.0,no
2006,Daman & Diu,140,0,2,243247,57.554666655703876,0.0,no
2006,Delhi,928,0,1,16787941,5.527777349229426,0.0,no
2006,Goa,5010,7,2,1458545,343.4930015871982,0.47993034153899944,no
2006,Gujarat,89835,45,26,60439692,148.6357673695624,0.07445438338765856,no
2006,Haryana,47142,0,20,25351462,185.9537726068816,0.0,no
2006,Himachal Pradesh,114,0,10,6864602,1.660693511437371,0.0,no
2006,Jammu And Kashmir,164,0,10,12267032,1.3369167048720505,0.0,no
2006,Jharkhand,193888,4,22,32988134,587.7507348551452,0.012125572183015867,no
2006,Karnataka,62842,32,31,61095297,102.85898110946249,0.05237719034249068,no
2006,Kerala,2131,6,14,33406061,6.379081927677735,0.017960812560331493,no
2006,Lakshadweep,0,0,1,64473,0.0,0.0,no
2006,Madhya Pradesh,96160,56,48,72626809,132.40289821903093,0.07710651310592484,no
2006,Maharashtra,54420,133,36,112374333,48.427428708297654,0.11835442885342864,no
2006,Manipur,2709,8,11,2855794,94.85978330369768,0.28013225043543055,no
2006,Meghalaya,29924,167,5,2966889,1008.5985690735313,5.628791639997317,no
2006,Mizoram,10668,120,9,1097206,972.2877928119241,10.936870560314107,yes
2006,Nagaland,3361,75,12,1978502,169.87599709274997,3.7907467366724927,no
2006,Odisha,380216,257,30,41974218,905.8322420682144,0.6122806147335491,yes
2006,Puducherry,50,0,4,1247953,4.0065611445302824,0.0,no
2006,Punjab,4372,7,21,27743338,15.75873818788496,0.025231282551508402,no
2006,Rajasthan,90158,51,30,68548437,131.52451601485822,0.07439994583683944,no
2006,Sikkim,6986,0,6,610577,1144.1636353809592,0.0,no
2006,Tamil Nadu,28203,0,40,72147030,39.091006241005346,0.0,no
2006,Tripura,23717,31,6,3673917,645.5507840814041,0.8437860735558261,yes
2006,Uttar Pradesh,90923,0,67,199812341,45.50419635992353,0.0,no
2006,Uttarakhand,2886,5,17,10086292,28.61309190731341,0.04957223130165179,no
2006,West Bengal,158179,198,18,91276115,173.2972530656021,0.21692421944119772,no
2007,Andhra Pradesh,27803,2,23,49577103,56.0803240157054,0.004034120347854936,no
2007,Arunachal Pradesh,32072,36,15,1383727,2317.798236212779,2.601669259904591,no
2007,Assam,94853,152,23,31205576,303.96170222911445,0.4870924350186646,no
2007,Bihar,1595,1,38,104099452,1.5321886612813291,0.0009606198503331219,no
2007,Chandigarh,340,0,1,1055450,32.21374769055853,0.0,no
2007,Chhattisgarh,147525,0,16,25545198,577.5057997201666,0.0,no
2007,D & N Haveli,3780,0,1,343709,1099.7675359097375,0.0,no
2007,Daman & Diu,99,0,2,243247,40.69937142081917,0.0,no
2007,Delhi,182,0,1,16787941,1.084111505991116,0.0,no
2007,Goa,9755,11,2,1458545,668.8172116732771,0.7541762509898564,no
2007,Gujarat,71121,73,32,60439692,117.67267113141477,0.12078155527331277,no
2007,Haryana,30895,0,20,25351462,121.86673888866842,0.0,no
2007,Himachal Pradesh,104,0,10,6864602,1.5150186420130403,0.0,no
2007,Jammu And Kashmir,240,1,10,12267032,1.9564634705444643,0.008151931127268601,no
2007,Jharkhand,184878,31,22,32988134,560.4378835129019,0.09397318441837298,no
2007,Karnataka,49355,18,31,61095297,80.78363216730087,0.02946216956765101,no
2007,Kerala,1927,6,14,33406061,5.768414300626464,0.017960812560331493,no
2007,Lakshadweep,0,0,1,64473,0.0,0.0,no
2007,Madhya Pradesh,90829,41,48,72626809,125.06263355175085,0.056452982809694977,no
2007,Maharashtra,67850,182,36,112374333,60.378556373722816,0.16195869211521816,no
2007,Manipur,1194,4,11,2855794,41.80973837748801,0.14006612521771528,no
2007,Meghalaya,36337,237,7,2966889,1224.7509091172606,7.988165381313558,no
2007,Mizoram,6081,75,9,1097206,554.2259156439173,6.835544100196317,yes
2007,Nagaland,4976,26,18,1978502,251.5034101557643,1.3141255353797974,no
2007,Odisha,371879,221,30,41974218,885.9700495194455,0.5265136803739857,yes
2007,Puducherry,68,0,4,1247953,5.448923156561184,0.0,no
2007,Punjab,3703,2,21,27743338,13.347348469747944,0.007208937871859543,no
2007,Rajasthan,49714,44,30,68548437,72.52390014377717,0.06418818856511638,no
2007,Sikkim,3697,0,6,610577,605.4928371032646,0.0,no
2007,Tamil Nadu,22378,1,40,72147030,31.017215816091113,0.001386058442045362,no
2007,Tripura,18694,51,6,3673917,508.8302212597617,1.3881641855273268,yes
2007,Uttar Pradesh,82083,0,67,199812341,41.080045201011885,0.0,no
2007,Uttarakhand,2274,3,17,10086292,22.545450795991233,0.02974333878099107,no
2007,West Bengal,77475,72,15,91276115,84.8798176828626,0.07888153434225373,no
2008,Andaman And Nicobar Islands,29938,46,8,380581,7866.393750607624,12.086783102677222,no
2008,Andhra Pradesh,21071,0,19,49577103,42.50147492482568,0.0,no
2008,Arunachal Pradesh,35784,33,19,1383727,2586.0592443451633,2.384863488245875,no
2008,Assam,64811,73,23,31205576,207.69044609207023,0.23393255102870075,no
2008,Bihar,47685,7,42,104099452,45.807157563134915,0.006724338952331852,no
2008,Chhattisgarh,81369,4,14,25545198,318.52953341759184,0.01565852024321753,no
2008,D & N Haveli,15680,0,2,343709,4561.99866747743,0.0,no
2008,Daman & Diu,115,0,2,243247,47.277047610042466,0.0,no
2008,Delhi,253,0,1,16787941,1.5070341264601776,0.0,no
2008,Goa,9822,21,2,1458545,673.410830656579,1.4397910246169985,no
2008,Gujarat,51161,43,33,60439692,84.64801574435555,0.0711452996815404,no
2008,Haryana,35683,0,20,25351462,140.75322362079157,0.0,no
2008,Himachal Pradesh,146,0,10,6864602,2.1268530935952294,0.0,no
2008,Jammu And Kashmir,217,1,14,12267032,1.7689690546172865,0.008151931127268601,no
2008,Jharkhand,214299,25,24,32988134,649.6244983120295,0.07578482614384918,no
2008,Karnataka,47344,8,33,61095297,77.49205311171497,0.01309429758562267,no
2008,Kerala,1804,4,14,33406061,5.400217643139668,0.011973875040220995,no
2008,Lakshadweep,0,0,1,64473,0.0,0.0,no
2008,Madhya Pradesh,105312,53,48,72626809,145.00430550377067,0.07297580704667887,no
2008,Maharashtra,67333,148,36,112374333,59.91848690216475,0.1317026727090785,no
2008,Manipur,708,2,12,2855794,24.791704163535602,0.07003306260885764,no
2008,Meghalaya,39616,73,7,2966889,1335.2707162283457,2.4604897588012222,no
2008,Mizoram,7361,91,9,1097206,670.8858682872678,8.293793508238197,yes
2008,Nagaland,5078,19,12,1978502,256.6588257176389,0.9603225066236982,no
2008,Odisha,375430,239,30,41974218,894.430004628079,0.5693971475537675,yes
2008,Puducherry,72,0,4,1247953,5.769448048123607,0.0,no
2008,Punjab,3907,5,21,27743338,14.082660132677617,0.018022344679648857,no
2008,Rajasthan,52694,49,30,68548437,76.8711910965964,0.07148230090206142,no
2008,Sikkim,3418,0,6,610577,559.7983546710734,0.0,no
2008,Tamil Nadu,21034,2,40,72147030,29.154353269982145,0.002772116884090724,no
2008,Tripura,26126,51,6,3673917,711.1211276683714,1.3881641855273268,yes
2008,Uttar Pradesh,92962,0,68,199812341,46.52465385008426,0.0,no
2008,Uttarakhand,2501,4,17,10086292,24.796030097086224,0.039657785041321426,no
2008,West Bengal,80434,75,16,91276115,88.12162962895604,0.08216826493984762,no
2009,Andhra Pradesh,25152,3,23,49577103,50.73309749462368,0.0060511805217824035,no
2009,Arunachal Pradesh,22066,15,15,1383727,1594.6787191404085,1.0840288582935798,no
2009,Assam,91413,63,27,31205576,292.9380313313236,0.20188699609326233,no
2009,Bihar,3255,21,38,104099452,3.1268176128343117,0.020173016856995556,no
2009,Chandigarh,430,0,1,1055450,40.74091619688284,0.0,no
2009,Chhattisgarh,129397,11,16,25545198,506.54138597790467,0.04306093066884821,no
2009,D & N Haveli,3408,0,1,343709,991.5364450741761,0.0,no
2009,Daman & Diu,97,0,2,243247,39.87716189716626,0.0,no
2009,Delhi,169,0,1,16787941,1.0066749698488935,0.0,no
2009,Goa,5056,10,2,1458545,346.64682954588307,0.6856147736271422,no
2009,Gujarat,45902,34,33,60439692,75.94678013911785,0.056254423004008694,no
2009,Haryana,30168,0,21,25351462,118.99905417683604,0.0,no
2009,Himachal Pradesh,192,0,10,6864602,2.7969574929471515,0.0,no
2009,Jammu And Kashmir,346,0,14,12267032,2.820568170034936,0.0,no
2009,Jharkhand,230683,28,24,32988134,699.2908419736624,0.08487900528111109,no
2009,Karnataka,36859,0,33,61095297,60.33033933855825,0.0,no
2009,Kerala,2046,5,14,33406061,6.124637083073038,0.014967343800276244,no
2009,Lakshadweep,8,0,1,64473,12.408294945170846,0.0,no
2009,Madhya Pradesh,87628,26,48,72626809,120.6551701865354,0.0357994525134651,no
2009,Maharashtra,93818,227,36,112374333,83.48703613662383,0.20200342368216773,no
2009,Manipur,1069,1,12,2855794,37.432671964434405,0.03501653130442882,no
2009,Meghalaya,76759,192,7,2966889,2587.1881287099045,6.471425119038832,no
2009,Mizoram,9399,119,9,1097206,856.6303866366025,10.845729972311489,yes
2009,Nagaland,8489,35,12,1978502,429.06198730150385,1.7690151437804966,no
2009,Odisha,380904,198,30,41974218,907.4713434804193,0.47171813897759807,yes
2009,Puducherry,65,0,4,1247953,5.2085294878893675,0.0,no
2009,Punjab,3701,3,21,27743338,13.340139531876085,0.010813406807789316,no
2009,Rajasthan,30775,15,31,68548437,44.895261433896735,0.021882337010835126,no
2009,Sikkim,1231,1,6,610577,201.61257302518766,0.16377950692541646,no
2009,Tamil Nadu,14986,1,40,72147030,20.771471812491797,0.001386058442045362,no
2009,Tripura,24613,62,6,3673917,669.9389234977274,1.6875721471116523,yes
2009,Uttar Pradesh,55101,0,68,199812341,27.576374774569103,0.0,no
2009,Uttarakhand,3782,1,17,10086292,37.49643575656941,0.009914446260330357,no
2009,West Bengal,127662,58,15,91276115,139.86353385001104,0.06354345822014884,no
2010,Andaman And Nicobar Islands,22081,20,8,380581,5801.918645439473,5.2551230881205315,no
2010,Andhra Pradesh,30393,20,19,49577103,61.30450986617753,0.040341203478549366,no
2010,Arunachal Pradesh,23023,104,19,1383727,1663.839760299539,7.515933417502152,no
2010,Assam,49964,32,23,31205576,160.11241067942473,0.10254577579340309,no
2010,Bihar,32827,4,42,104099452,31.534267826885394,0.0038424794013324874,no
2010,Chhattisgarh,120871,47,16,25545198,473.1652500794866,0.183987612857806,no
2010,D & N Haveli,21803,0,2,343709,6343.447509375663,0.0,no
2010,Daman & Diu,204,0,2,243247,83.86537141259707,0.0,no
2010,Delhi,251,0,1,16787941,1.495120813207528,0.0,no
2010,Goa,2368,1,2,1458545,162.35357839490726,0.06856147736271422,no
2010,Gujarat,66501,71,33,60439692,110.02868777028182,0.1174724715671946,no
2010,Haryana,18921,0,21,25351462,74.63474887562698,0.0,no
2010,Himachal Pradesh,210,0,10,6864602,3.0591722579109466,0.0,no
2010,Jammu And Kashmir,802,0,14,12267032,6.537848764069418,0.0,no
2010,Jharkhand,199842,16,24,32988134,605.7996490495643,0.04850228873206347,no
2010,Karnataka,44319,11,34,61095297,72.5407718371514,0.018004659180231173,no
2010,Kerala,2299,7,14,33406061,6.881984679367017,0.02095428132038674,no
2010,Lakshadweep,6,0,1,64473,9.306221208878135,0.0,no
2010,Madhya Pradesh,87165,31,48,72626809,120.01766455139176,0.042683962612208394,no
2010,Maharashtra,139198,200,36,112374333,123.86992321458317,0.17797658474199798,no
2010,Manipur,947,4,12,2855794,33.16065514529409,0.14006612521771528,no
2010,Meghalaya,41642,87,7,2966889,1403.55773336987,2.9323645070644706,no
2010,Mizoram,15594,31,9,1097206,1421.246329312818,2.8253582280811442,yes
2010,Nagaland,4959,14,12,1978502,250.6441742287852,0.7076060575121986,no
2010,Odisha,395651,247,30,41974218,942.6048151748771,0.588456466300337,yes
2010,Puducherry,175,0,4,1247953,14.022964005855991,0.0,no
2010,Punjab,4408,0,21,27743338,15.888499069578433,0.0,no
2010,Rajasthan,47958,26,31,68548437,69.96220789104207,0.03792938415211422,no
2010,Sikkim,2129,0,6,610577,348.6865702442116,0.0,no
2010,Tamil Nadu,17075,3,40,72147030,23.666947897924558,0.004158175326136086,no
2010,Tripura,24108,15,6,3673917,656.193376170447,0.4082835839786255,yes
2010,Uttar Pradesh,64240,0,68,199812341,32.150166340326294,0.0,no
2010,Uttarakhand,5202,2,17,10086292,51.57494944623852,0.019828892520660713,no
2010,West Bengal,125953,40,16,91276115,137.9911929862484,0.0438230746345854,no
2011,Andhra Pradesh,34949,5,23,49577103,70.49423601859108,0.010085300869637341,no
2011,Arunachal Pradesh,13950,17,15,1383727,1008.146838213029,1.2285660393993902,no
2011,Assam,47397,45,27,31205576,151.88631672749767,0.14420499720947308,no
2011,Bihar,2643,0,38,104099452,2.538918264430441,0.0,no
2011,Chandigarh,582,0,1,1055450,55.142356340897244,0.0,no
2011,Chhattisgarh,136899,42,18,25545198,535.9089406940592,0.16441446255378409,no
2011,D & N Haveli,5150,0,1,343709,1498.3605317288752,0.0,no
2011,Daman & Diu,262,0,2,243247,107.70944759853154,0.0,no
2011,Delhi,413,0,1,16787941,2.4600991866721476,0.0,no
2011,Goa,1187,3,2,1458545,81.38247362954176,0.20568443208814266,no
2011,Gujarat,89764,127,34,60439692,148.51829489799516,0.21012681533850303,no
2011,Haryana,33401,1,21,25351462,131.7517703712709,0.003944545683400824,no
2011,Himachal Pradesh,247,0,10,6864602,3.5981692747809704,0.0,no
2011,Jammu And Kashmir,1091,0,14,12267032,8.893756859850043,0.0,no
2011,Jharkhand,160653,17,24,32988134,487.0023869795121,0.05153368177781745,no
2011,Karnataka,24237,0,34,61095297,39.670811322842084,0.0,no
2011,Kerala,1993,2,14,33406061,5.965983238790111,0.0059869375201104975,no
2011,Lakshadweep,8,0,1,64473,12.408294945170846,0.0,no
2011,Madhya Pradesh,91851,109,48,72626809,126.46982741593396,0.1500823201526037,no
2011,Maharashtra,96577,118,36,112374333,85.9422231231397,0.1050061849977788,no
2011,Manipur,714,1,12,2855794,25.00180335136218,0.03501653130442882,no
2011,Meghalaya,25143,53,7,2966889,847.453342541632,1.7863829755680107,no
2011,Mizoram,8861,30,9,1097206,807.5967502911941,2.7342176400785267,yes
2011,Nagaland,3363,4,12,1978502,169.97708367239457,0.2021731592891996,no
2011,Odisha,308968,99,30,41974218,736.0899493112653,0.23585906948879903,yes
2011,Puducherry,196,1,4,1247953,15.705719686558709,0.08013122289060566,no
2011,Punjab,4689,7,21,27743338,16.9013548405747,0.025231282551508402,no
2011,Rajasthan,48971,32,31,68548437,71.43999505050714,0.04668231895644827,no
2011,Sikkim,3383,9,6,610577,554.0660719286839,1.474015562328748,no
2011,Tamil Nadu,22151,0,40,72147030,30.702580549746816,0.0,no
2011,Tripura,14583,12,6,3673917,396.9333003440197,0.3266268671829004,yes
2011,Uttar Pradesh,56592,0,68,199812341,28.322574930444357,0.0,no
2011,Uttarakhand,3440,3,17,10086292,34.10569513553643,0.02974333878099107,no
2011,West Bengal,57826,14,15,91276115,63.35282784548839,0.015338076122104891,no
2012,Andaman And Nicobar Islands,15370,3,9,380581,4038.562093220628,0.7882684632180796,no
2012,Andhra Pradesh,22516,2,19,49577103,45.41612687615087,0.004034120347854936,no
2012,Arunachal Pradesh,11206,16,19,1383727,809.8418257358568,1.156297448846485,no
2012,Assam,19261,12,23,31205576,61.722943361148026,0.03845466592252615,no
2012,Bihar,12481,0,42,104099452,11.989496352007693,0.0,no
2012,Chhattisgarh,120064,90,25,25545198,470.00614362041745,0.35231670547239446,no
2012,D & N Haveli,8211,1,2,343709,2388.939480781708,0.29094379256871367,no
2012,Daman & Diu,186,0,2,243247,76.46548569972086,0.0,no
2012,Delhi,382,0,1,16787941,2.2754428312560786,0.0,no
2012,Goa,1714,0,2,1458545,117.51437219969218,0.0,no
2012,Gujarat,76246,29,34,60439692,126.15219812834255,0.047981713738713294,no
2012,Haryana,26819,1,21,25351462,105.78877068312667,0.003944545683400824,no
2012,Himachal Pradesh,216,0,10,6864602,3.1465771795655453,0.0,no
2012,Jammu And Kashmir,864,0,14,12267032,7.043268493960071,0.0,no
2012,Jharkhand,131476,10,24,32988134,398.55543208354857,0.03031393045753967,no
2012,Karnataka,16466,0,34,61095297,26.95133800560786,0.0,no
2012,Kerala,2036,3,14,33406061,6.094702395472487,0.008980406280165746,no
2012,Lakshadweep,9,0,1,64473,13.9593318133172,0.0,no
2012,Madhya Pradesh,76538,43,50,72626809,105.38532678752276,0.05920678684919229,no
2012,Maharashtra,58517,96,36,112374333,52.07327904673748,0.08542876067615902,no
2012,Manipur,255,0,12,2855794,8.929215482629349,0.0,no
2012,Meghalaya,20834,52,7,2966889,702.2170360940365,1.7526776364063503,no
2012,Mizoram,9883,25,9,1097206,900.7424312298693,2.278514700065439,yes
2012,Nagaland,2891,1,12,1978502,146.12065087626902,0.0505432898222999,no
2012,Odisha,262842,79,30,41974218,626.1986822482315,0.18821077262237498,yes
2012,Puducherry,143,0,4,1247953,11.458764873356609,0.0,no
2012,Punjab,2998,2,21,27743338,10.806197869917455,0.007208937871859543,no
2012,Rajasthan,42145,17,31,68548437,61.48207288810976,0.024799981945613146,no
2012,Sikkim,2440,3,6,610577,399.62199689801616,0.49133852077624934,no
2012,Tamil Nadu,18831,0,42,72147030,26.100866522156217,0.0,no
2012,Tripura,11708,7,6,3673917,318.6789467481165,0.19053233919002524,yes
2012,Uttar Pradesh,46938,0,68,199812341,23.491041526809397,0.0,no
2012,Uttarakhand,3921,0,17,10086292,38.87454378675533,0.0,no
2012,West Bengal,50021,30,18,91276115,54.80185040741491,0.03286730597593905,no
2013,Andhra Pradesh,18545,0,21,49577103,37.406380925484896,0.0,no
2013,Arunachal Pradesh,8546,21,17,1383727,617.6073748651287,1.5176404016110114,no
2013,Assam,13767,7,25,31205576,44.117115479618136,0.022431888454806925,no
2013,Bihar,6717,1,40,104099452,6.4524835346875795,0.0009606198503331219,no
2013,Chhattisgarh,110145,43,27,25545198,431.17692804729876,0.16832909261458848,no
2013,D & N Haveli,1778,0,1,343709,517.2980631871728,0.0,no
2013,Daman & Diu,91,0,2,243247,37.41053332620752,0.0,no
2013,Delhi,353,0,1,16787941,2.102699789092659,0.0,no
2013,Goa,1530,0,2,1458545,104.89906036495273,0.0,no
2013,Gujarat,58513,38,34,60439692,96.8122074480459,0.062872590416245,no
2013,Haryana,14471,3,21,25351462,57.08152058449331,0.01183363705020247,no
2013,Himachal Pradesh,141,0,10,6864602,2.054015658883064,0.0,no
2013,Jammu And Kashmir,698,0,14,12267032,5.690047926833483,0.0,no
2013,Jharkhand,97786,8,24,32988134,296.4278003720974,0.024251144366031735,no
2013,Karnataka,13302,0,34,61095297,21.772543310494097,0.0,no
2013,Kerala,1634,0,14,33406061,4.8913279539302765,0.0,no
2013,Lakshadweep,8,0,1,64473,12.408294945170846,0.0,no
2013,Madhya Pradesh,78260,49,50,72626809,107.75635206552997,0.06746819896768423,no
2013,Maharashtra,43677,80,36,112374333,38.86741645888123,0.0711906338967992,no
2013,Manipur,120,0,12,2855794,4.201983756531459,0.0,no
2013,Meghalaya,24727,62,7,2966889,833.4319214503812,2.089731028022956,no
2013,Mizoram,11747,21,9,1097206,1070.6284872667486,1.9139523480549687,yes
2013,Nagaland,2285,1,12,1978502,115.49141724395528,0.0505432898222999,no
2013,Odisha,228858,67,30,41974218,545.2346962128038,0.15962179450252056,yes
2013,Puducherry,127,0,4,1247953,10.17666530710692,0.0,no
2013,Punjab,2489,0,23,27743338,8.971523181529202,0.0,no
2013,Rajasthan,30306,10,31,68548437,44.211073696691294,0.014588224673890085,no
2013,Sikkim,2155,5,6,610577,352.94483742427246,0.8188975346270821,no
2013,Tamil Nadu,15020,0,42,72147030,20.81859779952134,0.0,no
2013,Tripura,7560,7,10,3673917,205.77492632522726,0.19053233919002524,yes
2013,Uttar Pradesh,47856,0,72,199812341,23.950472608696376,0.0,no
2013,Uttarakhand,3006,0,17,10086292,29.802825458553055,0.0,no
2013,West Bengal,26438,12,17,91276115,28.964861179729223,0.013146922390375619,no
2014,Andaman And Nicobar Islands,8955,5,8,380581,2352.981362705968,1.3137807720301329,no
2014,Andhra Pradesh,19060,0,9,49577103,38.44516691505754,0.0,no
2014,Arunachal Pradesh,8491,11,20,1383727,613.6326023847189,0.7949544960819583,no
2014,Assam,10481,8,23,31205576,33.58694612783305,0.02563644394835077,no
2014,Bihar,5925,5,42,104099452,5.691672613223747,0.004803099251665609,no
2014,Chhattisgarh,124891,49,25,25545198,488.90206292392014,0.19181687297941477,no
2014,D & N Haveli,4047,1,2,343709,1177.4495285255841,0.29094379256871367,no
2014,Daman & Diu,56,0,2,243247,23.02186666228155,0.0,no
2014,Delhi,98,0,1,16787941,0.5837523493798317,0.0,no
2014,Goa,824,0,2,1458545,56.49465734687651,0.0,no
2014,Gujarat,41608,16,41,60439692,68.84217742208216,0.026472669648945263,no
2014,Haryana,4485,1,21,25351462,17.69128739005269,0.003944545683400824,no
2014,Himachal Pradesh,102,0,10,6864602,1.4858836681281742,0.0,no
2014,Jammu And Kashmir,291,0,14,12267032,2.372211958035163,0.0,no
2014,Jharkhand,103735,8,24,32988134,314.4615576012878,0.024251144366031735,no
2014,Karnataka,14794,2,34,61095297,24.214629810212724,0.0032735743964056674,no
2014,Kerala,1751,6,14,33406061,5.24156379885674,0.017960812560331493,no
2014,Lakshadweep,0,0,1,64473,0.0,0.0,no
2014,Madhya Pradesh,96879,26,50,72626809,133.39289077123024,0.0357994525134651,no
2014,Maharashtra,53385,68,36,112374333,47.50639988225781,0.06051203881227931,no
2014,Manipur,145,0,12,2855794,5.077397039142179,0.0,no
2014,Meghalaya,39168,73,7,2966889,1320.1707242839216,2.4604897588012222,no
2014,Mizoram,23145,31,9,1097206,2109.4489093205834,2.8253582280811442,yes
2014,Nagaland,1936,2,12,1978502,97.85180909597261,0.1010865796445998,no
2014,Odisha,395035,89,30,41974218,941.1372476313913,0.21203492105558702,yes
2014,Puducherry,79,0,4,1247953,6.330366608357847,0.0,no
2014,Punjab,1350,0,23,27743338,4.866033063505191,0.0,no
2014,Rajasthan,13724,4,32,68548437,20.02087954244675,0.0058352898695560335,no
2014,Sikkim,1367,0,6,610577,223.88658596704428,0.0,no
2014,Tamil Nadu,8454,0,41,72147030,11.71773806905149,0.0,no
2014,Telangana,26544,53,12,35003674,75.83203980245045,0.15141267742351847,no
2014,Tripura,29064,42,6,3673917,791.0902723169847,1.1431940351401515,yes
2014,Uttar Pradesh,42456,1,76,199812341,21.247936832890616,0.0005004695881121777,no
2014,Uttarakhand,1171,0,13,10086292,11.60981657084685,0.0,no
2014,West Bengal,26751,66,23,91276115,29.30777673874485,0.07230807314706592,no
2015,Andhra Pradesh,24131,0,11,49577103,48.673679057043735,0.0,no
2015,Arunachal Pradesh,6323,7,18,1383727,456.95429806602027,0.5058801338703371,no
2015,Assam,12282,4,25,31205576,39.358350571705515,0.012818221974175386,no
2015,Bihar,6550,2,40,104099452,6.292060019681948,0.0019212397006662437,no
2015,Chhattisgarh,144886,21,27,25545198,567.1750909897039,0.08220723127689204,no
2015,D & N Haveli,418,0,1,343709,121.6145052937223,0.0,no
2015,Daman & Diu,84,0,2,243247,34.53279999342232,0.0,no
2015,Delhi,54,0,1,16787941,0.3216594578215399,0.0,no
2015,Goa,651,1,2,1458545,44.63352176312695,0.06856147736271422,no
2015,Gujarat,41566,7,41,60439692,68.77268666425368,0.011581792971413554,no
2015,Haryana,9308,3,21,25351462,36.71583122109487,0.01183363705020247,no
2015,Himachal Pradesh,60,0,10,6864602,0.8740492165459848,0.0,no
2015,Jammu And Kashmir,216,0,12,12267032,1.7608171234900178,0.0,no
2015,Jharkhand,104800,6,24,32988134,317.68999119501575,0.0181883582745238,no
2015,Karnataka,12445,0,34,61095297,20.36981668163427,0.0,no
2015,Kerala,1549,4,14,33406061,4.63688310932558,0.011973875040220995,no
2015,Lakshadweep,4,0,1,64473,6.204147472585423,0.0,no
2015,Madhya Pradesh,100597,24,51,72626809,138.51221248065573,0.033045648473967786,no
2015,Maharashtra,56603,59,36,112374333,50.37004313075656,0.0525030924988894,no
2015,Manipur,216,0,13,2855794,7.563570761756626,0.0,no
2015,Meghalaya,48603,79,7,2966889,1638.180599274189,2.6627217937711856,no
2015,Mizoram,28593,21,9,1097206,2605.982832758844,1.9139523480549687,yes
2015,Nagaland,1527,3,12,1978502,77.17960355865195,0.1516298694668997,no
2015,Odisha,436850,80,30,41974218,1040.7579243048674,0.1905931874656962,yes
2015,Puducherry,54,1,4,1247953,4.327086036092705,0.08013122289060566,no
2015,Punjab,857,0,23,27743338,3.0890298780918144,0.0,no
2015,Rajasthan,10337,3,31,68548437,15.079847845400181,0.004376467402167026,no
2015,Sikkim,1275,0,6,610577,208.818871329906,0.0,no
2015,Tamil Nadu,5514,0,41,72147030,7.642726249438127,0.0,no
2015,Telangana,21424,17,12,35003674,61.20500379474451,0.048566330494336105,no
2015,Tripura,21509,8,6,3673917,585.4514405197505,0.21775124478860028,yes
2015,Uttar Pradesh,43333,0,76,199812341,21.686848661664996,0.0,no
2015,Uttarakhand,1466,0,13,10086292,14.534578217644304,0.0,no
2015,West Bengal,19592,26,18,91276115,21.46454195601993,0.028484998512480514,no
2016,Andaman And Nicobar Islands,6576,8,8,380581,1727.884471374031,2.1020492352482125,no
2016,Andhra Pradesh,21119,0,9,49577103,42.5982938131742,0.0,no
2016,Arunachal Pradesh,5198,2,23,1383727,375.65213369400175,0.14453718110581062,no
2016,Assam,5520,6,23,31205576,17.68914632436203,0.019227332961263076,no
2016,Bihar,7838,2,42,104099452,7.529338386911009,0.0019212397006662437,no
2016,Chhattisgarh,145623,59,25,25545198,570.0601733445167,0.2309631735874586,no
2016,D & N Haveli,2312,0,2,343709,672.662048418866,0.0,no
2016,Daman & Diu,48,0,2,243247,19.733028567669898,0.0,no
2016,Delhi,31,0,1,16787941,0.18465635541606917,0.0,no
2016,Goa,742,0,2,1458545,50.872616203133944,0.0,no
2016,Gujarat,44783,6,41,60439692,74.09534780554473,0.009927251118354475,no
2016,Haryana,7866,0,21,25351462,31.027796345630872,0.0,no
2016,Himachal Pradesh,106,0,10,6864602,1.5441536158979066,0.0,no
2016,Jammu And Kashmir,242,0,12,12267032,1.9727673327990016,0.0,no
2016,Jharkhand,141414,15,24,32988134,428.68141617225155,0.045470895686309507,no
2016,Karnataka,11078,0,35,61095297,18.13232858169099,0.0,no
2016,Kerala,1547,2,14,33406061,4.63089617180547,0.0059869375201104975,no
2016,Lakshadweep,2,0,1,64473,3.1020737362927115,0.0,no
2016,Madhya Pradesh,69106,3,51,72626809,95.15219097675075,0.004130706059245973,no
2016,Maharashtra,23983,26,37,112374333,21.342062159336688,0.023136956016459737,no
2016,Manipur,122,0,13,2855794,4.272016819140315,0.0,no
2016,Meghalaya,35147,45,7,2966889,1184.6415555148844,1.5167402622747261,no
2016,Mizoram,7583,9,9,1097206,691.1190788238489,0.820265292023558,yes
2016,Nagaland,828,0,12,1978502,41.84984397286432,0.0,no
2016,Odisha,444843,77,30,41974218,1059.8005661475338,0.1834459429357326,yes
2016,Puducherry,76,0,4,1247953,6.08997293968603,0.0,no
2016,Punjab,841,0,23,27743338,3.031358375116938,0.0,no
2016,Rajasthan,11402,5,31,68548437,16.633493773169477,0.007294112336945042,no
2016,Sikkim,1210,0,6,610577,198.1732033797539,0.0,no
2016,Tamil Nadu,4327,0,41,72147030,5.997474878730282,0.0,no
2016,Telangana,8705,9,12,35003674,24.868818056070342,0.025711586732295587,no
2016,Tripura,5104,6,6,3673917,138.92529417512696,0.1633134335914502,yes
2016,Uttar Pradesh,40959,0,76,199812341,20.498733859486688,0.0,no
2016,Uttarakhand,961,0,13,10086292,9.527782856177474,0.0,no
2016,West Bengal,35660,59,23,91276115,39.06827103673289,0.06463903508601347,no
2017,Andhra Pradesh,15955,0,11,49577103,32.18219507501275,0.0,no
2017,Arunachal Pradesh,2286,0,22,1383727,165.20599800394152,0.0,no
2017,Assam,3933,0,25,31205576,12.603516756107947,0.0,no
2017,Bihar,5263,2,40,104099452,5.05574227230322,0.0019212397006662437,no
2017,Chhattisgarh,140727,81,27,25545198,550.8941445668183,0.317085034925155,no
2017,D & N Haveli,290,0,1,343709,84.37369984492696,0.0,no
2017,Daman & Diu,38,0,2,243247,15.621980949405335,0.0,no
2017,Delhi,577,0,1,16787941,3.4369908733894166,0.0,no
2017,Goa,653,1,2,1458545,44.77064471785238,0.06856147736271422,no
2017,Gujarat,38588,7,41,60439692,63.84546102584374,0.011581792971413554,no
2017,Haryana,5696,0,21,25351462,22.46813221265109,0.0,no
2017,Himachal Pradesh,96,0,10,6864602,1.3984787464735757,0.0,no
2017,Jammu And Kashmir,226,0,12,12267032,1.8423364347627036,0.0,no
2017,Jharkhand,94114,0,24,32988134,285.2965251080889,0.0,no
2017,Karnataka,7381,0,35,61095297,12.081126309935117,0.0,no
2017,Kerala,1192,2,14,33406061,3.5682147619858564,0.0059869375201104975,no
2017,Lakshadweep,1,0,1,64473,1.5510368681463558,0.0,no
2017,Madhya Pradesh,47541,5,51,72626809,65.45929892087094,0.0068845100987432895,no
2017,Maharashtra,17710,20,37,112374333,15.759826578903922,0.0177976584741998,no
2017,Manipur,80,0,13,2855794,2.8013225043543057,0.0,no
2017,Meghalaya,16454,12,7,2966889,554.5876505659633,0.404464069939927,no
2017,Mizoram,5715,4,9,1097206,520.8684604349594,0.3645623520104702,yes
2017,Nagaland,394,1,12,1978502,19.914056189986162,0.0505432898222999,no
2017,Odisha,347860,24,30,41974218,828.7468273977136,0.05717795623970886,yes
2017,Puducherry,60,0,4,1247953,4.8078733734363395,0.0,no
2017,Punjab,946,0,23,27743338,3.409827613389564,0.0,no
2017,Rajasthan,9006,0,31,68548437,13.13815514130541,0.0,no
2017,Sikkim,1475,0,6,610577,241.57477271498925,0.0,no
2017,Tamil Nadu,5435,0,41,72147030,7.533227632516543,0.0,no
2017,Telangana,2667,0,30,35003674,7.619200201670259,0.0,no
2017,Tripura,7692,6,12,3673917,209.36782186423918,0.1633134335914502,yes
2017,Uttar Pradesh,31071,0,70,199812341,15.550090572233474,0.0,no
2017,Uttarakhand,4327,1,19,10086292,42.899808968449456,0.009914446260330357,no
2017,West Bengal,28108,28,19,91276115,30.794474545723162,0.030676152244209783,no
2018,Andaman And Nicobar Islands,4839,0,8,380581,1271.4770311707625,0.0,no
2018,Andhra Pradesh,6079,0,15,49577103,12.26170879730508,0.0,no
2018,Arunachal Pradesh,616,0,19,1383727,44.51745178058967,0.0,no
2018,Assam,3841,2,29,31205576,12.308697650701914,0.006409110987087693,no
2018,Bihar,1520,0,36,104099452,1.4601421725063453,0.0,no
2018,Chandigarh,390,2,3,1055450,36.951063527405374,0.1894926334738737,no
2018,Chhattisgarh,76974,37,25,25545198,301.32473430035657,0.14484131224976216,no
2018,D & N Haveli,1618,1,2,343709,470.74705637617865,0.29094379256871367,no
2018,Daman & Diu,24,0,2,243247,9.866514283834949,0.0,no
2018,Delhi,473,0,1,16787941,2.8174985842516365,0.0,no
2018,Goa,377,0,2,1458545,25.847676965743258,0.0,no
2018,Gujarat,22114,2,41,60439692,36.58853853854848,0.003309083706118158,no
2018,Haryana,3149,0,21,25351462,12.421374357029192,0.0,no
2018,Himachal Pradesh,98,0,10,6864602,1.4276137203584418,0.0,no
2018,Jammu And Kashmir,168,0,12,12267032,1.3695244293811248,0.0,no
2018,Jharkhand,57095,4,24,32988134,173.07738594732274,0.012125572183015867,no
2018,Karnataka,5721,0,35,61095297,9.364059560918413,0.0,no
2018,Kerala,908,0,14,33406061,2.718069634130166,0.0,no
2018,Lakshadweep,5,0,1,64473,7.7551843407317795,0.0,no
2018,Madhya Pradesh,22279,1,51,72626809,30.676000097980346,0.0013769020197486577,no
2018,Maharashtra,10757,13,37,112374333,9.572470610348361,0.011568478008229868,no
2018,Manipur,12,0,13,2855794,0.4201983756531459,0.0,no
2018,Meghalaya,6394,6,7,2966889,215.51193859965775,0.2022320349699635,no
2018,Mizoram,4296,3,9,1097206,391.53996605924505,0.2734217640078527,yes
2018,Nagaland,113,0,12,1978502,5.711391749919889,0.0,no
2018,Odisha,66311,3,30,41974218,157.98031067547225,0.007147244529963607,yes
2018,Puducherry,54,1,4,1247953,4.327086036092705,0.08013122289060566,no
2018,Punjab,659,0,23,27743338,2.3753450287777196,0.0,no
2018,Rajasthan,4590,0,31,68548437,6.695995125315549,0.0,no
2018,Sikkim,1110,0,6,610577,181.79525268721227,0.0,no
2018,Tamil Nadu,3753,0,41,72147030,5.201877332996244,0.0,no
2018,Telangana,1776,0,30,35003674,5.0737531151729955,0.0,no
2018,Tripura,13823,13,12,3673917,376.24693208910276,0.3538457727814755,yes
2018,Uttar Pradesh,85070,0,70,199812341,42.574947860702956,0.0,no
2018,Uttarakhand,2245,0,19,10086292,22.25793185444165,0.0,no
2018,West Bengal,20961,8,23,91276115,22.964386685388614,0.00876461492691708,no
2019,Andhra Pradesh,2790,0,9,49577103,5.627597885257636,0.0,no
2019,Arunachal Pradesh,393,1,25,1383727,28.401556087291787,0.07226859055290531,no
2019,Assam,1018,3,23,31205576,3.2622374924276354,0.009613666480631538,no
2019,Bihar,2336,0,42,104099452,2.244007970378173,0.0,no
2019,Chhattisgarh,59563,31,25,25545198,233.1671103116915,0.12135353188493586,no
2019,D & N Haveli,681,0,2,343709,198.13272273929402,0.0,no
2019,Daman & Diu,8,0,2,243247,3.2888380946116498,0.0,no
2019,Delhi,713,0,1,16787941,4.247096174569591,0.0,no
2019,Goa,272,0,2,1458545,18.648721842658265,0.0,no
2019,Gujarat,13883,1,41,60439692,22.970004546019194,0.001654541853059079,no
2019,Haryana,1497,0,22,25351462,5.9049848880510325,0.0,no
2019,Himachal Pradesh,109,0,10,6864602,1.5878560767252057,0.0,no
2019,Jammu And Kashmir,105,0,12,12267032,0.855952768363203,0.0,no
2019,Jharkhand,37133,2,24,32988134,112.56471796798205,0.006062786091507934,no
2019,Karnataka,3499,0,35,61095297,5.727118406511715,0.0,no
2019,Kerala,656,0,14,33406061,1.9637155065962433,0.0,no
2019,Lakshadweep,11,0,1,64473,17.061405549609916,0.0,no
2019,Madhya Pradesh,14147,3,51,72626809,19.479032873384263,0.004130706059245973,no
2019,Maharashtra,8866,7,37,112374333,7.88970200161277,0.006229180465969929,no
2019,Manipur,16,0,13,2855794,0.5602645008708611,0.0,no
2019,Meghalaya,2615,4,7,2966889,88.13946190774242,0.13482135664664233,no
2019,Mizoram,8543,8,9,1097206,778.6140433063619,0.7291247040209404,yes
2019,Nagaland,20,0,12,1978502,1.010865796445998,0.0,no
2019,Odisha,39556,9,30,41974218,94.23880154241348,0.021441733589890825,yes
2019,Puducherry,21,0,4,1247953,1.6827556807027189,0.0,no
2019,Punjab,1159,0,23,27743338,4.177579496742605,0.0,no
2019,Rajasthan,2606,1,31,68548437,3.801691350015756,0.0014588224673890084,no
2019,Sikkim,802,0,6,610577,131.35116455418398,0.0,no
2019,Tamil Nadu,2080,0,41,72147030,2.883001559454353,0.0,no
2019,Telangana,1702,0,32,35003674,4.862346735374121,0.0,no
2019,Tripura,13322,1,12,3673917,362.61026038421664,0.027218905598575035,yes
2019,Uttar Pradesh,91286,0,70,199812341,45.68586682040826,0.0,no
2019,Uttarakhand,2382,1,19,10086292,23.61621099210691,0.009914446260330357,no
2019,West Bengal,24420,5,26,91276115,26.75398706441439,0.005477884329323175,no
2020,Andaman And Nicobar Islands,301,1,9,380581,79.089602476214,0.26275615440602657,no
2020,Andhra Pradesh,2036,1,15,49577103,4.106734514116325,0.002017060173927468,no
2020,Arunachal Pradesh,30,0,19,1383727,2.1680577165871595,0.0,no
2020,Assam,487,2,29,31205576,1.5606185253558533,0.006409110987087693,no
2020,Bihar,515,0,36,104099452,0.4947192229215578,0.0,no
2020,Chandigarh,365,6,3,1055450,34.58240560898195,0.568477900421621,no
2020,Chhattisgarh,36052,28,25,25545198,141.1302429521196,0.10960964170252271,no
2020,Delhi,496,1,5,16787941,2.9545016866571068,0.005956656626324813,no
2020,Gujarat,4771,1,41,60439692,7.893819180944867,0.001654541853059079,no
2020,Haryana,111,0,22,25351462,0.4378445708574914,0.0,no
2020,Himachal Pradesh,34,0,12,6864602,0.49529455604272465,0.0,no
2020,Jammu And Kashmir,37,0,12,12267032,0.3016214517089382,0.0,no
2020,Jharkhand,16653,8,24,32988134,50.48178839094082,0.024251144366031735,no
2020,Karnataka,1701,1,34,61095297,2.7841750241430203,0.0016367871982028337,no
2020,Kerala,268,1,14,33406061,0.8022496276948067,0.0029934687600552488,no
2020,Ladakh,0,0,2,274289,0.0,0.0,no
2020,Lakshadweep,6,0,1,64473,9.306221208878135,0.0,no
2020,Madhya Pradesh,6760,1,51,72626809,9.307857653500927,0.0013769020197486577,no
2020,Maharashtra,15215,12,37,112374333,13.539568684247497,0.010678595084519878,no
2020,Manipur,36,2,16,2855794,1.2605951269594375,0.07003306260885764,no
2020,Meghalaya,2033,4,12,2966889,68.52295451565597,0.13482135664664233,no
2020,Mizoram,7748,6,7,1097206,706.1572758442808,0.5468435280157053,yes
2020,Nagaland,139,3,14,1978502,7.025517285299686,0.1516298694668997,no
2020,Odisha,39884,6,28,41974218,95.02023361102285,0.014294489059927215,yes
2020,Puducherry,1762,0,6,1247953,141.19121473324716,0.0,no
2020,Punjab,108,0,21,27743338,0.3892826450804153,0.0,no
2020,Rajasthan,1276,0,33,68548437,1.8614574683883747,0.0,no
2020,Sikkim,4,0,4,610577,0.6551180277016658,0.0,no
2020,Tamil Nadu,891,0,43,72147030,1.2349780718624175,0.0,no
2020,Telangana,820,0,30,35003674,2.3426112356091533,0.0,no
2020,The Dadra And Nagar Haveli And Daman And Diu,90,0,6,586956,15.33334696297508,0.0,no
2020,Tripura,3395,2,8,3673917,92.40818450716225,0.05443781119715007,yes
2020,Uttar Pradesh,28622,0,74,199812341,14.32444055094675,0.0,no
2020,Uttarakhand,165,1,15,10086292,1.6358836329545088,0.009914446260330357,no
2020,West Bengal,13921,6,27,91276115,15.251525549701583,0.0065734611951878096,no
2021,Andhra Pradesh,61,0,3,49577103,0.12304067060957555,0.0,no
2021,Arunachal Pradesh,1108,0,31,1383727,80.07359833261907,0.0,no
2021,Assam,128,0,24,31205576,0.41018310317361234,0.0,no
2021,Bihar,1227,0,46,104099452,1.1786805563587404,0.0,no
2021,Chhattisgarh,25655,31,21,25545198,100.42983420993644,0.12135353188493586,no
2021,Delhi,4906,7,9,16787941,29.22335740874953,0.041696596384273685,no
2021,Gujarat,3791,0,39,60439692,6.272368164946968,0.0,no
2021,Haryana,54,0,22,25351462,0.21300546690364444,0.0,no
2021,Himachal Pradesh,15,0,12,6864602,0.2185123041364962,0.0,no
2021,Jammu And Kashmir,433,0,14,12267032,3.529786178107304,0.0,no
2021,Jharkhand,6075,0,20,32988134,18.41571275295535,0.0,no
2021,Karnataka,8697,2,39,61095297,14.235138262770047,0.0032735743964056674,no
2021,Kerala,213,1,10,33406061,0.637608845891768,0.0029934687600552488,no
2021,Ladakh,34,0,6,274289,12.395684843358648,0.0,no
2021,Madhya Pradesh,3166,0,49,72626809,4.3592717945242505,0.0,no
2021,Maharashtra,19318,16,39,112374333,17.190758320229584,0.014238126779359837,no
2021,Manipur,18,0,15,2855794,0.6302975634797188,0.0,no
2021,Meghalaya,562,4,14,2966889,18.942400608853248,0.13482135664664233,no
2021,Mizoram,7457,7,5,1097206,679.6353647355191,0.6379841160183229,yes
2021,Nagaland,974,2,16,1978502,49.22916428692011,0.1010865796445998,no
2021,Odisha,24108,8,26,41974218,57.43525704278755,0.01905931874656962,yes
2021,Puducherry,925,5,8,1247953,74.12138117381024,0.4006561144530283,no
2021,Punjab,71,0,19,27743338,0.2559172944510138,0.0,no
2021,Rajasthan,926,0,35,68548437,1.350869604802222,0.0,no
2021,Sikkim,0,0,2,610577,0.0,0.0,no
2021,Tamil Nadu,777,0,47,72147030,1.0769674094692463,0.0,no
2021,Telangana,829,0,28,35003674,2.368322822341449,0.0,no
2021,The Dadra And Nagar Haveli And Daman And Diu,8301,3,8,586956,1414.2457015517348,0.5111115654325026,no
2021,Tripura,1862,1,6,3673917,50.681602224546715,0.027218905598575035,yes
2021,Uttar Pradesh,10862,0,76,199812341,5.436100666074474,0.0,no
2021,Uttarakhand,13,0,13,10086292,0.12888780138429465,0.0,no
2021,West Bengal,28940,3,28,91276115,31.70599449812254,0.0032867305975939048,no
2022,Andaman And Nicobar Islands,4075,0,9,380581,1070.7313292045583,0.0,no
2022,Andhra Pradesh,2023,0,27,49577103,4.080512731855268,0.0,no
2022,Arunachal Pradesh,16,0,20,1383727,1.156297448846485,0.0,no
2022,Assam,284,0,36,31205576,0.9100937601664524,0.0,no
2022,Bihar,545,0,34,104099452,0.5235378184315514,0.0,no
2022,Chandigarh,329,0,5,1055450,31.171538206452222,0.0,no
2022,Chhattisgarh,27716,19,23,25545198,108.49788676525428,0.07437797115528327,no
2022,Delhi,2871,2,7,16787941,17.10156117417854,0.011913313252649625,no
2022,Gujarat,4780,0,40,60439692,7.9087100576223985,0.0,no
2022,Haryana,52,0,22,25351462,0.20511637553684278,0.0,no
2022,Himachal Pradesh,12,0,12,6864602,0.17480984330919697,0.0,no
2022,Jammu And Kashmir,205,0,13,12267032,1.6711458810900632,0.0,no
2022,Jharkhand,8181,3,22,32988134,24.799826507313206,0.0090941791372619,no
2022,Karnataka,11135,1,38,61095297,18.225625451988556,0.0016367871982028337,no
2022,Kerala,404,0,12,33406061,1.2093613790623206,0.0,no
2022,Ladakh,7,0,4,274289,2.552052761867957,0.0,no
2022,Madhya Pradesh,3826,0,52,72626809,5.268027127558365,0.0,no
2022,Maharashtra,15451,26,37,112374333,13.749581054243055,0.023136956016459737,no
2022,Manipur,30,0,17,2855794,1.0504959391328648,0.0,no
2022,Meghalaya,499,8,13,2966889,16.818964241668628,0.26964271329328465,no
2022,Mizoram,11100,9,7,1097206,1011.6605268290549,0.820265292023558,yes
2022,Nagaland,88,1,14,1978502,4.447809504362391,0.0505432898222999,no
2022,Odisha,22590,4,28,41974218,53.81875131062596,0.00952965937328481,yes
2022,Puducherry,1138,1,6,1247953,91.18933164950924,0.08013122289060566,no
2022,Punjab,118,2,22,27743338,0.4253273344397131,0.007208937871859543,no
2022,Rajasthan,1565,1,33,68548437,2.2830571614637982,0.0014588224673890084,no
2022,Sikkim,8,0,4,610577,1.3102360554033317,0.0,no
2022,Tamil Nadu,354,0,46,72147030,0.4906646884840582,0.0,no
2022,Telangana,566,0,30,35003674,1.616973121164367,0.0,no
2022,The Dadra And Nagar Haveli And Daman And Diu,156,0,6,586956,26.577801402490135,0.0,no
2022,Tripura,12771,3,8,3673917,347.6126433994018,0.0816567167957251,yes
2022,Uttar Pradesh,6970,0,74,199812341,3.4882730291418786,0.0,no
2022,Uttarakhand,1361,0,15,10086292,13.493561360309617,0.0,no
2022,West Bengal,39244,3,27,91276115,42.99481852399173,0.0032867305975939048,no
2023,Andhra Pradesh,852,0,17,49577103,1.718535268186203,0.0,no
2023,Arunachal Pradesh,586,0,33,1383727,42.3493940640025,0.0,no
2023,Assam,511,0,26,31205576,1.6375278572009053,0.0,no
2023,Bihar,1612,0,44,104099452,1.5485191987369922,0.0,no
2023,Chhattisgarh,31332,15,29,25545198,122.65318906512293,0.05871945091206575,no
2023,Delhi,1749,1,5,16787941,10.418192439442096,0.005956656626324813,no
2023,Gujarat,4311,1,41,60439692,7.132729928537691,0.001654541853059079,no
2023,Haryana,85,0,22,25351462,0.33528638308906994,0.0,no
2023,Himachal Pradesh,23,0,12,6864602,0.33505219967596084,0.0,no
2023,Jammu And Kashmir,44,0,11,12267032,0.35868496959981844,0.0,no
2023,Jharkhand,34087,2,24,32988134,103.33109475061549,0.006062786091507934,no
2023,Karnataka,275,2,36,61095297,0.45011647950577927,0.0032735743964056674,no
2023,Kerala,569,7,14,33406061,1.7032837244714367,0.02095428132038674,no
2023,Ladakh,10,1,2,274289,3.6457896598113666,0.36457896598113665,no
2023,Lakshadweep,0,0,1,64473,0.0,0.0,no
2023,Madhya Pradesh,3794,0,52,72626809,5.223966262926408,0.0,no
2023,Maharashtra,16159,19,37,112374333,14.379618164229727,0.01690777555048981,no
2023,Manipur,34,0,16,2855794,1.1905620643505799,0.0,no
2023,Meghalaya,1784,14,13,2966889,60.130325064402484,0.47187474826324816,no
2023,Mizoram,18000,12,7,1097206,1640.530584047116,1.0936870560314107,yes
2023,Nagaland,198,1,14,1978502,10.00757138481538,0.0505432898222999,no
2023,Odisha,40300,1,28,41974218,96.01131818584446,0.0023824148433212026,yes
2023,Puducherry,1539,3,6,1247953,123.3219520286421,0.240393668671817,no
2023,Punjab,75,0,22,27743338,0.27033517019473285,0.0,no
2023,Rajasthan,2263,0,33,68548437,3.301315243701326,0.0,no
2023,Sikkim,6,0,4,610577,0.9826770415524987,0.0,no
2023,Tamil Nadu,385,0,46,72147030,0.5336325001874644,0.0,no
2023,Telangana,411,0,30,35003674,1.1741624607748318,0.0,no
2023,The Dadra And Nagar Haveli And Daman And Diu,137,1,6,586956,23.340761488084286,0.1703705218108342,no
2023,Tripura,22412,1,8,3673917,610.0301122752637,0.027218905598575035,yes
2023,Uttar Pradesh,13575,0,74,199812341,6.793874658622813,0.0,no
2023,Uttarakhand,895,0,15,10086292,8.873429402995669,0.0,no
2023,West Bengal,23424,0,24,91276115,25.66279250601321,0.0,no
2024,Andaman And Nicobar Islands,2846,2,10,380581,747.8040154395517,0.5255123088120531,no
2024,Andhra Pradesh,407,0,21,49577103,0.8209434907884795,0.0,no
2024,Arunachal Pradesh,2,0,29,1383727,0.14453718110581062,0.0,no
2024,Assam,95,1,32,31205576,0.3044327718866654,0.0032045554935438464,no
2024,Bihar,147,0,40,104099452,0.1412111179989689,0.0,no
2024,Chhattisgarh,8217,0,33,25545198,32.166515209629615,0.0,no
2024,Delhi,34,0,1,16787941,0.2025263252950436,0.0,no
2024,Goa,239,0,2,1458545,16.386193089688696,0.0,no
2024,Gujarat,398,0,33,60439692,0.6585076575175135,0.0,no
2024,Haryana,7,0,22,25351462,0.027611819783805763,0.0,no
2024,Himachal Pradesh,0,0,12,6864602,0.0,0.0,no
2024,Jammu And Kashmir,14,0,20,12267032,0.11412703578176042,0.0,no
2024,Jharkhand,7669,0,24,32988134,23.247753267887173,0.0,no
2024,Karnataka,89,0,35,61095297,0.14567406064005223,0.0,no
2024,Kerala,168,1,14,33406061,0.5029027516892818,0.0029934687600552488,no
2024,Ladakh,1,0,2,274289,0.36457896598113665,0.0,no
2024,Lakshadweep,0,0,1,64473,0.0,0.0,no
2024,Madhya Pradesh,277,0,53,72626809,0.3814018594703782,0.0,no
2024,Maharashtra,2875,0,35,112374333,2.558413405666221,0.0,no
2024,Manipur,11,0,17,2855794,0.38518184434871705,0.0,no
2024,Meghalaya,121,0,13,2966889,4.07834603856093,0.0,no
2024,Mizoram,4308,0,9,1097206,392.6336531152764,0.0,yes
2024,Nagaland,17,0,17,1978502,0.8592359269790983,0.0,no
2024,Odisha,8742,0,28,41974218,20.827070560313953,0.0,yes
2024,Puducherry,96,0,7,1247953,7.692597397498144,0.0,no
2024,Punjab,7,0,22,27743338,0.025231282551508402,0.0,no
2024,Rajasthan,136,0,33,68548437,0.19839985556490516,0.0,no
2024,Sikkim,0,0,6,610577,0.0,0.0,no
2024,Tamil Nadu,40,0,46,72147030,0.05544233768181448,0.0,no
2024,Telangana,47,0,30,35003674,0.13427161960198808,0.0,no
2024,The Dadra And Nagar Haveli And Daman And Diu,23,0,6,586956,3.918522001649187,0.0,no
2024,Tripura,1662,0,8,3673917,45.23782110483171,0.0,yes
2024,Uttar Pradesh,248,0,74,199812341,0.12411645785182007,0.0,no
2024,Uttarakhand,61,0,15,10086292,0.6047812218801517,0.0,no
2024,West Bengal,1280,1,28,91276115,1.4023383883067329,0.001095576865864635,no
